id,predicted_state,predicted_intensity
10001,focused,3
10002,restless,4
10003,focused,4
10004,focused,5
10005,calm,4
10006,mixed,4
10007,restless,1
10008,overwhelmed,3
10009,restless,4
10010,overwhelmed,2
10011,overwhelmed,4
10012,neutral,2
10013,focused,3
10014,focused,3
10015,focused,4
10016,neutral,4
10017,mixed,4
10018,mixed,3
10019,focused,4
10020,mixed,3
10021,overwhelmed,3
10022,calm,2
10023,neutral,1
10024,neutral,2
10025,neutral,4
10026,overwhelmed,2
10027,mixed,5
10028,restless,5
10029,overwhelmed,3
10030,calm,4
10031,focused,1
10032,focused,3
10033,overwhelmed,1
10034,neutral,3
10035,focused,4
10036,restless,4
10037,overwhelmed,2
10038,focused,2
10039,mixed,1
10040,mixed,5
10041,overwhelmed,5
10042,neutral,3
10043,restless,1
10044,focused,3
10045,mixed,5
10046,focused,2
10047,focused,5
10048,calm,1
10049,restless,3
10050,restless,4
10051,calm,3
10052,restless,5
10053,calm,5
10054,overwhelmed,5
10055,mixed,5
10056,focused,4
10057,overwhelmed,5
10058,overwhelmed,4
10059,mixed,3
10060,restless,1
10061,neutral,1
10062,calm,4
10063,restless,3
10064,neutral,4
10065,neutral,5
10066,restless,1
10067,restless,5
10068,overwhelmed,3
10069,neutral,3
10070,restless,1
10071,mixed,4
10072,neutral,4
10073,restless,4
10074,mixed,2
10075,restless,3
10076,mixed,3
10077,neutral,4
10078,restless,5
10079,restless,3
10080,focused,4
10081,restless,5
10082,focused,3
10083,neutral,4
10084,overwhelmed,3
10085,neutral,3
10086,neutral,4
10087,mixed,3
10088,neutral,5
10089,calm,3
10090,mixed,5
10091,neutral,5
10092,overwhelmed,4
10093,mixed,4
10094,overwhelmed,4
10095,overwhelmed,3
10096,mixed,4
10097,mixed,4
10098,overwhelmed,2
10099,mixed,3
10100,mixed,4
10101,calm,4
10102,overwhelmed,1
10103,restless,5
10104,mixed,4
10105,neutral,4
10106,neutral,2
10107,restless,2
10108,mixed,5
10109,neutral,3
10110,restless,1
10111,mixed,5
10112,mixed,3
10113,calm,1
10114,neutral,3
10115,calm,3
10116,overwhelmed,3
10117,neutral,5
10118,focused,1
10119,mixed,4
10120,restless,3
